benchmark,extract,transform,load,total
20,78.872633,78.872633,78.872633,236.617899
