benchmark,extract,transform,load,total
2025-01-01,0.125940,0.010212,0.839434,0.975586
