benchmark,extract,transform,load,total
2025-01-01,0.119251,0.009181,0.830471,0.958903
