benchmark,extract,transform,load,total
2025-01-01,0.117574,0.010126,0.846284,0.973984
