benchmark,extract,transform,load,total
50,6.646472,0.436590,564.746554,571.829616
