benchmark,extract,transform,load,total
100,867.506246,867.506246,867.506246,2602.518738
