file,read,parse,total
0,0.079409,0.003749,0.083255
1,0.082471,0.002962,0.085497
2,0.081677,0.003030,0.084780
3,0.083656,0.003021,0.086749
4,0.085967,0.003021,0.089067
