file,read,parse,total
0,0.083414,0.003090,0.086585
1,0.086928,0.003011,0.090011
