file,read,parse,total
0,0.111812,0.004276,0.116173
