benchmark,extract,transform,load,total
1,11.093934,11.093934,11.093934,33.281802
2,10.076353,10.076353,10.076353,30.229059
5,22.432752,22.432752,22.432752,67.298256
10,38.594876,38.594876,38.594876,115.784628
20,75.818359,75.818359,75.818359,227.455077
50,210.932347,210.932347,210.932347,632.797041
100,505.270643,505.270643,505.270643,1515.811929
extrapolate,,,,
200,984.877299,,,
500,2474.956959,,,
1000,4958.423059,,,
