file,read,parse,total
0,0.852040,0.019653,0.871866
