file,read,parse,total
0,0.121486,0.012615,0.134202
1,0.480150,0.013421,0.493684
