file,read,parse,total
0,0.105957,0.027577,0.133629
1,0.478450,0.014274,0.492846
2,0.120175,0.014745,0.135025
3,0.122227,0.013561,0.135884
4,0.121882,0.012814,0.134773
