benchmark,read,parse,total
1,0.415950,0.021497,0.437555
2,0.281707,0.041223,0.323146
5,1.043449,0.108901,1.152889
10,1.711426,0.222123,1.934549
