benchmark,read,parse,total
1,0.094318,0.007082,0.101534
2,0.214277,0.009661,0.224133
5,0.461725,0.024902,0.487141
10,0.983257,0.051143,1.035337
