benchmark,read,parse,total
1,0.111056,0.005945,0.117117
2,0.170372,0.011314,0.181925
5,0.454153,0.032373,0.487218
10,0.971267,0.061264,1.033570
