benchmark,read,parse,total
1,0.088778,0.007862,0.096824
2,0.176232,0.011633,0.188121
5,0.442308,0.030526,0.473307
10,0.841197,0.047389,0.889457
