file,read,parse,total
0,0.998182,0.033596,1.032096
