file,read,parse,total
0,0.619531,0.030750,0.650541
1,0.259682,0.025643,0.285550
2,0.260838,0.029676,0.290768
3,0.592901,0.031980,0.625236
4,0.236155,0.030350,0.266747
