file,read,parse,total
0,0.595676,0.045265,0.641422
1,0.209576,0.031980,0.241868
