benchmark,extract,transform,load,total
2,0.264219,0.018844,22.614077,22.897140
5,0.668712,0.044473,54.751352,55.464537
10,1.318969,0.088935,117.516639,118.924543
20,2.639060,0.173416,227.714070,230.526546
50,6.646472,0.436590,564.746554,571.829616
100,13.575872,0.881768,1154.814209,1169.271849
