file,read,parse,total
0,0.094318,0.007082,0.101534
