file,read,parse,total
0,0.084772,0.004783,0.089659
1,0.093388,0.005578,0.099107
2,0.082500,0.004814,0.087403
3,0.095187,0.004896,0.100173
4,0.105878,0.004831,0.110799
