file,read,parse,total
0,0.108502,0.004917,0.113530
1,0.105775,0.004744,0.110603
