file,read,parse,total
0,0.069807,0.003457,0.073366
1,0.067713,0.003289,0.071066
