file,read,parse,total
0,0.067649,0.004012,0.071766
1,0.059843,0.003480,0.063401
2,0.057931,0.003168,0.061181
3,0.075086,0.003321,0.078492
4,0.070441,0.003314,0.073852
