file,read,parse,total
0,0.061917,0.004051,0.066066
