file,read,parse,total
0,0.074583,0.003625,0.078301
