file,read,parse,total
0,0.084755,0.004442,0.089293
1,0.076508,0.003514,0.080090
