file,read,parse,total
0,0.086091,0.003541,0.089713
1,0.077039,0.003859,0.080974
2,0.072675,0.003419,0.076155
3,0.077088,0.003454,0.080606
4,0.073586,0.004551,0.078214
