benchmark,extract,transform,load,total
1,9.954098,9.954098,9.954098,29.862294
2,17.301758,17.301758,17.301758,51.905274
5,43.363288,43.363288,43.363288,130.089864
10,88.905476,88.905476,88.905476,266.716428
20,169.686431,169.686431,169.686431,509.059293
50,451.743654,451.743654,451.743654,1355.230962
100,867.506246,867.506246,867.506246,2602.518738
