file,read,parse,total
0,0.138903,0.020572,0.159581
1,0.142804,0.020651,0.163565
