file,read,parse,total
0,0.415950,0.021497,0.437555
