file,read,parse,total
0,0.109029,0.023704,0.132862
1,0.140810,0.021812,0.162747
2,0.142352,0.021464,0.163922
3,0.502378,0.020786,0.523255
4,0.148880,0.021135,0.170103
