file,read,parse,total
0,0.088778,0.007862,0.096824
