file,read,parse,total
0,0.078680,0.005615,0.084432
1,0.097552,0.006018,0.103689
