file,read,parse,total
0,0.095049,0.011353,0.106538
1,0.081686,0.004845,0.086615
2,0.086313,0.004748,0.091141
3,0.079652,0.004962,0.084700
4,0.099608,0.004618,0.104313
