file,read,parse,total
0,0.073841,0.008339,0.082485
1,0.094006,0.006577,0.100714
2,0.095529,0.006130,0.101744
3,0.093470,0.005903,0.099457
4,0.097307,0.005424,0.102818
