file,read,parse,total
0,0.111056,0.005945,0.117117
