file,read,parse,total
0,0.076889,0.005661,0.082676
1,0.093483,0.005653,0.099249
