file,read,parse,total
0,0.910912,0.028061,0.939368
1,0.906393,0.021714,0.928611
2,0.962941,0.019543,0.983044
3,0.546243,0.026886,0.573547
4,0.580673,0.033614,0.614630
