file,read,parse,total
0,0.549714,0.025864,0.575940
1,0.276806,0.018997,0.296429
