file,read,parse,total
0,0.989566,0.023933,0.014006
